slang;formal
netaas;menetas
keberpa;keberapa
eeeehhhh;eh
kata2nyaaa;kata-katanya
aaaaahhhh;ah
nyenengin;menyenangkan
gemess;gemas
gemesiin;menggemaskan
menyenangkn;menyenangkan
akau;aku
nemuin;menemukan
mnis2nya;manis-manisnya
idolaa;idola
baaiikkk;baik
telaatt;telat
loohhh;loh
baguuuuus;bagus
bnk;bang
awaas;awas
siip;sip
abizzzz;habis
kerrrrennnn;keren
sayaa;saya
kharismanya;karismanya
lgunya;lagunya
kereeeeennnn;keren
nyamain;menyamakan
lakik;laki
siippp;sip
wihhhhhh;wih
bingitsss;banget
bird;biru
kaloo;kalo
tuuh;tuh
nyebur;mencebur
bangcat;bangsat
waoohhh;wah
dhe;deh
indahhh;indah
berarto;berarti
aminnnn2;amin-amin
amiend;amien
ameen;amin
mamer;memamerkan
jelase;jelas
uwakk;uwak
piiink;pink
astgfrullah;astagfirullah
cd;celana dalam
yaaaaaa;ya
bangshad;bangsat
stagahhhh;astaga
iooo;lo
d;ada
plampiasannn;pelampiasan
masalahh;masalah
inghinn;ingin
dhi;di
mengherthii;mengerti
yanckh;yang
chelalyyu;selalu
therchakitty;tersakiti
kaliii;kali
yokkk;yuk
sweger;segar
kebukaaa;terbuka
kayakk;kayak
njerr;anjir
bingiiittttzzzz;banget
dooong;dong
mbakx;mbaknya
kite;kita
bejilbbnya;berjilbabnya
masio;masih
ugaaa;juga
jerewi;jerawat
jilbabnyaah;jilbabnya
warnaaa;warna
sukaaak;suka
kebayanyaa;kebayanya
mantes;memantas
merekaaaa;mereka
tiga2nya;tiga-tiganya
emessss;gemas
ucullllll;lucu
bangeettt;banget
gemesshh;gemas
apaaa;apa
ampuunn;ampun
ciuuuummmm;cium
mbil;sambil
ngemeng;mengomong
epe;apa
seehh;sih
astagfirrullah;astagfirullah
suerrr;suer
ntik;cantik
ketawakkkk;ketawa
kyanya;kayanya
nakutin;menakutkan
malingg;maling
niihh;nih
imutttttt;imut
satuuuuu;satu
sesekk;sesak
nafass;nafas
cintaaaaaaa;cinta
duluu;dulu
megang;memegang
kawinin;mengawini
liatin;memperlihatkan
bdan;badan
fotoin;memfoto
ganteng2;ganteng-ganteng
kri;kiri
garuk2;garuk-garuk
tembokk;tembok
kiriii;kiri
bungkusin;bungkuskan
atu;satu
dehhhh;deh
ngegantiin;menggantikan
trsa;terasa
khadirannya;kehadirannya
fikiran;pikiran
hayalanku;khayalanku
nton;menonton
surgaa;surga
kakkkkk;kak
rinduuuuuuuuu;rindu
terangkhn;terangkan
bngunlah;bangunlah
bngun;bangun
hiri;hari
"teman""ny";teman-temannya
benet;benar
tuu;tuh
gantiin;menggantikan
kklau;kalau
acra;acara
yaaa ;ya
bnerr;benar
emk;emak
temenn;teman
pngenn;pengin
terkenall;terkenal
ajhh;saja
sungguh2;sungguh-sungguh
ktny;katanya
shbt;sahabat
dimusiumin;dimuseumkan
kangem;kangen
"mudh""an";mudah-mudahan
tenny;tenang
bole;boleh
maap;maaf
biasa2;biasa-biasa
mnrtkuu;menurutku
jdwl;jadwal
wajiiib;wajib
aaaammmiiiinnnn;amin
dtnggu;ditunggu
kunjungin;kunjungi
waktunyaaa;waktunya
diluangin;diluangkan
istimewaaa;istimewa
diaa;dia
donkk;dong
kejawab;terjawab
seru2an;seru-seruan
mohom;mohon
kebalas;terbalas
ikutin;ikuti
nyempetin;menyempatkan
ngobrol;mengobrol
ijap;ijab
kobul;kabul
co;cowok
inggat;ingat
masing2;masih
sanggat;sangat
siipp;sip
kedpan;kedepan
mndaptkan;mendapatkan
"nutup""in";menutup-nutupi
liatin;perlihatkan
sja;saja
mulut2;mulut-mulut
peengn;pengin
muantteepp;mantap
mrit;merit
ngapasih;mengapa sih
sisain;menyisakan
slamt;selamat
edaaan;edan
sehat2;sehat-sehat
ciyeeeeeee;cie
lairannya;kelahirannya
jmnya;jamnya
terbaikkk;terbaik
ayahh;ayah
mrekaaaa;mereka
yaampuuuunnnn;ya ampun
tempt;tempat
hdk;hendak
brani;berani
asyikkkkk;asyik
iriiiii;iri
naaaaahh;nah
jrang;jarang
gossip2.an;gosip-gosipan
makkk;mak
pengennn;pengin
gilzz;gila
nyaru;menyaru
kebarat2an;kebarat-baratan
payahh;payah
ntaf;mantap
"mudah""n";mudah-mudahan
milikin;memiliki
kamo;kamu
suru;suruh
sukaaaaaa;suka
mehoonggggg;mahal
apikkkk;apik
yoiii;yoi
liptsk;lipstik
nyeplak;menjiplak
cw;cewek
kmarin;kemarin
mengncang;mengencang
pcrnya;pacarnya
mnjual;menjual
cooocok;cocok
mama.nyy;mamanya
bosenin;membosankan
bukn;bukan
sey;sih
eakyu;waktu
doeloe;dulu
malh;malah
fhotonya;fotonya
bleh;boleh
tnggl;tanggal
tanteny;tantenya
sklinyaa;sekalinya
dramaa;drama
niiih;nih
lihaat;lihat
yuwkkk;yuk
editannn;editan
thu;tuh
mai;mau
bisaaa;bisa
kejuu;keju
nama.a;namanya
yuuuuk;yuk
yaudh;ya sudah
tuhhh;tuh
amploppp;amplop
sayangg'';sayang-sayang
nantii;nanti
yukkkk;yuk
nged;banget
nantik;nanti
ksitu;kesitu
biasahhh;biasa
tutorialx;tutorialnya
dpke;dipakai
rekomndd;rekomendasi
bli2n;beli-belikan
wado;waduh
yaakkk;ya
bangetttttyt;banget
kangeeeeeeeeennnnnnnn;kangen
kaliannnnnn;kalian
rinduuuuuuuuuu;rindu
kangennnnnmnnnnnnnnnnnnnnnnn;kangen
kaliannnnnm;kalian
kangeeeeeeeeeeennnnn;kangen
kangennnnnnnnnnnnnnnn;kangen
kaliannnnnnn;kalian
th2;tahun-tahun
trserah;terserah
prnah;pernah
wlwpun;walaupun
trpsah;terpisah
prsatukn;persatukan
ngomng;mengomong
skedar;sekadar
kangeeerrn;kangen
terrrrbaik;terbaik
jorookknya;joroknya
ihhhhh;ih
jorokkkk;jorok
mualll;mual
ajh;saja
taiiii;tahi
seneeeeeng;senang
tanyang;tayang
ngelarang;melarang
kerreeen;keren
pantess;pantas
pemainy;pemainnya
kbawa;terbawa
bradegan;beradegan
amiiinnnn;amin
mlm;malam
nikahin;menikahi
hadeuh;aduh
liyat;lihat
adengan;adegan
sitayngin;ditayangkan
mahhhh;mah
cocokny;cocoknya
iniw;ini
setju;setuju
bnern;benaran
mksdny;maksudnya
beginiiii;begini
beliin;membelikan
keq;kek
sygkuu;sayangku
baju'a;bajunya
gara'';gara-gara
pokok'a;pokoknya
bentarr;bentar
kuyy;yuk
dureen;duren
ajibb;ajib
mahall;mahal
niiihh;nih
ubur2;ubur-ubur
imuuttt;imut
imuttzz;imut
nha;nya
asliii;asli
konten2;konten-konten
daaaah;deh
asliiii;asli
cantiknnnnyaaaaaaa;cantiknya
ngelihatnya;melihatnya
ibu2;ibu-ibu
sexxi;seksi
bulet;bulat
ngocok;mengocok
ikutin;mengikuti
yaahhh;ya
kencqng;kencang
kra;kira
diginikan;dibeginikan
"coret""";coret-coret
gambarin;gambarkan
digambarin;digambarkan
klen;kalian
bangke;bangkai
bedanyaaa;bedanya
pgin;pengin
krudungan;kerudungan
maksutku;maksudku
jd'y;jadinya
manisnyaaaa;manisnya
thun;tahun
ngaco;mengaco
ngomen;mengomentari
kaaakk;kak
tenggah;tengah
uuuuuaaaaaaaaaappppppppppiiiiiiiiiiiiiiiiiikkkkkkkkkkkkkkkk;apik
kocakkkkkkkkkkkkkk;kocak
ksukaanmuuu;kesukaanmu
bagiii;bagi
pi;tapi
penasarannnn;penasaran
gilakkkkkk;gila
nontoonnn;menonton
cepet2;cepat-cepat
kepingin;pengin
nontonnnn;menonton
deeek;dek
ntappp;mantap
deg2an;deg-degan
cyiiin;cinta
kureeeen;keren
muantaap;mantap
nontonx;menontonnya
bli;beli
nraktir;mentraktir
sbnyak;sebanyak
penasaraaann;penasaran
nontonya;menontonnya
peen;pengin
gga;enggak
ceritax;ceritanya
yoooiii;yoi
daah;deh
tauuuuu;tau
sabarrrrr;sabar
kqmu;kamu
banggain;banggakan
pengan;pengin
ngadain;mengadakan
sendeng;senang
simpen;simpan
gakk;enggak
bagiin;bagikan
nanggepin;menanggapi
kapn;kapan
kirimin;mengirimi
senengin;senangi
asikkk;asik
ampunnnn;ampun
teruzzz;terus
mantabb;mantab
jendess;janda
sichh;sih
namnya;namanya
geh;gih
aduuhhh;aduh
silauuu;silau
njiirr;anjir
kesinii;kesini
dstu;disitu
wiiiihhhh;wih
samoga;semoga
kereennn;keren
nyangkaa;menyangka
hasilnyaaa;hasilnya
dahhhh;dah
bisaa;bisa
jugaakk;juga
lhoo;loh
donx;dong
gthu;begitu
maauuu;mau
pacarrr;pacar
idamann;idaman
naturalllll;natural
berntung;beruntung
jln2;jalan-jalan
romntis;romantis
ulan;ulang
diksi;dikasih
keciill;kecil
ughaa;juga
"tante""";tante-tante
abeees;habis
adain;mengadakan
bosen2;bosan-bosan
sempurnaaaaa;sempurna
kece2;kece-kece
badaaiii;badai
beneraan;benaran
kuatttt;kuat
cantiiiiiiik;cantik
bae2;baik-baik
catiiiiik;cantik
jaman2nya;jaman-jamannya
"pasien""nya";pasien-pasiennya
keeeerrrreeeennnnnnnnn;keren
choker2;choker-choker
hadirr;hadir
jelashh;jelas
sekali2;sekali-kali
hadirrr;hadir
hidupppp;hidup
diliatnya;dilihatnya
abis2;habis-habis
para2;parah-parah
allahhhhhhh;allah
gemesnya;gemasnya
tbuh;tubuh
diputusin;diputuskan
repot2;repot-repot
oles2;oles-oles
dptkan;dapatkan
ninggiin;meninggikan
ledekin;ledeki
kira2;kira-kira
pas2an;pas-pasan
balesin;membalas
ciapa;siapa
terharuuu;terharu
sumpahh;sumpah
alamii;alami
ckrng;sekarang
imut2;imut-imut
yahbh;ya
neko2;neko-neko
sktika;seketika
lutu;lucu
massss;mas
kesiniii;kesini
"jalan""nya";jalan-jalannya
masyaallahhh;masyaallah
ksni;kesini
begok;bego
bawak;bawa
pgi;pagi
keeeeeren;keren
baguusss;bagus
nahannnn;tahan
bagaatt;banget
gayannxa;gayanya
kereeeen;keren
ngekeh;kekeh
xlian;kalian
b3;bertiga
nyebelin;menyebalkan
pait;pahit
koplakkk;koplak
yachhh;ya
ngelawak;melawak
nyolotinnnn;menyolot
beratttttttt;berat
hijaabbb;hijab
sekalii;sekali
smnagatin;menyemangati
kanapa;kenapa
banhet;banget
bgttttttt;banget
blng;bilang
mngasi;mengasih
kmbang;kembang
pg;pagi
blakon;berlakon
nmpk;nampak
bngtzt;banget
lucukkkkk;lucu
ciusss;serius
palinf;paling
fav;favorit
maak;mak
ngakaaaakkk;mengakak
gokill;gila
kocakkkkkk;kocak
ngekek;mengekek
capee;cape
pegangin;memegang
nyender;menyandar
peleotin;meleot
gda;enggak ada
termurahhhh;termurah
graaatiiiis;gratis
nyatakan;menyatakan
meriahh;meriah
cantikkkm;cantik
mantabs;mantab
yuppss;ya
onoh;sono
staf2nya;staf-stafnya
begete;banget
manteppp;mantap
anakny;anaknya
ynk;sayang
"hati""";hati-hati
"jangan""";jangan-jangan
cr;cara
ckp;cukup
ms;masih
haragain;menghargai
nyakitin;menyakiti
ht;hati
sbaiknya;sebaiknya
mngerti;mengerti
blajar;belajar
fakta2;fakta-fakta
slama;selama
ckup;cukup
nilai2;nilai-nilai
buka2;buka-buka
nyinyirin;nyinyir
nyerang;menyerang
ngomomg;mengomong
kbetulan;kebetulan
sbelum;sebelum
ngamatin;mengamati
ngintip;mengintip
ngintilin;mengintil
nyambet;menyambat
krmh;ke rumah
bo'ong;bohong
eloo;lo
apa2nya;apa-apanya
goblokkk;goblok
sesatt;sesat
ibliss;iblis
kbiasaan;kebiasaan
tdr;tidur
sbuah;sebuah
tdnya;tadinya
stelah;setelah
branjak;beranjak
ank2;anak-anak
masyarakay;masyarakat
menegerti;mengerti
hdpnya;hidupnya
sok2;sok-sok
kakkkk;kak
slamet;selamat
ngcpin;mengucapkan
woowwww;wow
iaa;ya
kdg;kadang
kebagi;terbagi
nerusin;meneruskan
univ;universitas
tetapppp;tetap
jakety;jaketnya
pusingggg;pusing
ihhhh;ih
maho;manusia homo
gantng;ganteng
pucing;pusing
alak;kepala
hilangv;hilang
bungggg;bung
bangg;bang
gapap;enggak apa-apa
gokiiill;gila
busedh;buset
gokilnya;gilanya
keceee;kece
gilaa;gila
ahhhh;ah
duuhhh;duh
amiiiiinnnnn;amin
tullus;tulus
pluk;peluk
durhaka2;durhaka-durhaka
kpada;kepada
"seburuk""";seburuk-buruk
ktaa;kita
yup;ya
tetaplaah;tetaplah
oprasi;operasi
gya;gaya
ksenangan;kesenangan
ddpt;didapat
jwab;jawab
mmbodohkan;membodohkan
orlaen;orang lain
malem;malam
aplikasiin;mengaplikasikan
berangat;berangkat
praktekin;mempraktikkan
kate;kata
cabe2;cabe-cabe
prjuangan;perjuangan
stimpal;setimpal
kmewahan;kemewahan
ddpat;didapat
omdo;omong doang
za;saja
mkanya;makanya
bhagia;bahagia
korek2;korek-korek
udahh;sudah
sasama;sesama
cabe2an;cabe-cabean
terong2an;terong-terongan
seklian;sekalian
ngurusan;mengurusi
campurin;mencampuri
emnknya;memangnya
py;punya
kndung;kandung
mrangkul;merangkul
wlo;walau
lh;lah
manusiy;manusia
tx;tak
teringt;teringat
trmsuk;termasuk
pilihnmu;pilihanmu
swmntara;sementara
suaminy;suaminya
jadulnya;jaman dulunya
mantaff;mantap
ngata2in;mengata-ngatai
bagaimna;bagaimana
mulusssss;mulus
kpleset;kepleset
yawlah;ya allah
kepeleset;kepleset
kayanye;kayanya
amiinnnn;amin
komen2an;komen-komenan
wewww;wow
dumsss;dong
keq;kayak
perbaikin;memperbaiki
permasalhkan;permasalahkan
betul2;betul-betul
jauhin;jauhi
adiik;adik
"besar""";besar-besar
ddlm;di dalam
dkuburnya;dikuburnya
fi;di
rata2;rata-rata
critamu;ceritamu
bres;beres
cmkn;camkan
donks;dong
"membanding""";membanding-banding
mengperbolehkan;memperbolehkan
ngri;negeri
"dingin""";dingin-dingin
dibangga'in;dibangga-banggakan
ngebolehin;membolehkan
"jelek""in";menjelek-jelekkan
gausa;enggak usah
maksain;memaksakan
smog;semoga
mnerima;menerima
baikxa;baiknya
aaamin;amin
amienn;amien
sekangen2;sekangen-kangen
jln;jalan
amiiiiiiiiiinnnnnnn;amin
nolongin;menolong
amiiiiiiiiiiin;amin
seluru;seluruh
klow;kalau
tebir;ribet
doangam;doang
"tebir""";ribet-ribet
amad;amat
mkst;maksud
wong2;wong-wong
lau;kau
bangets;banget
dwh;deh
bante;bantai
komenannya;komentarnya
hadapin;menghadapi
dengarin;mendengarkan
cock;cocok
widihh;waduh
temen-temen;teman-teman
stu;satu
syratnya;syaratnya
shat;sehat
burem;buram
dngan;dengan
nunggu;menunggu
kancang;kencang
mansyoallah;masyaallah
canttttikkk;cantik
lkuin;lakukan
langgenh;langgeng
foto2nya;foto-fotonya
tanggung2;tanggung-tanggung
salluutt;salut
pdng;padang
syantik;cantik
warbiyasah;luar biasa
keedaannya;keadaannya
saya2;saya-saya
tunggu2;tunggu-tunggu
sekrng;sekarang
spertinya;sepertinya
mrah;marah
gra2;gara-gara
sngaja;sengaja
udah2;sudah-sudah
ungkit2;ungkit-ungkit
curhat2;curhat-curhat
mata'y;matanya
ayoooo;ayo
buruannn;buruan
perubut;perebut
sumai;suami
tk;tak
urusin;mengurusi
sekarng;sekarang
mmbela;membela
mslhnya;masalahnya
llki;lelaki
dluar;diluar
sna;sana
dya;dia
maluuuu;malu
tongolin;menongol
cabol;cabul
tot;entot
hidiyah;hidayah
bgi;bagi
sdri;sendiri
mimin;admin
skaligus;sekaligus
y;saya
cek2;cek-cek
mgk;mungkin
spti;seperti
sapa2;sapa-sapa
dng;dengan
termurahhh;termurah
banyaaaaaak;banyak
baik2nya;baik-baiknya
tunjukan;tunjukkan
bagus2;bagus-bagus
ngasih2;mengasih-ngasih
amit2;amit-amit
ngajuin;mengajukan
terbaeq;terbaik
namany;namanya
jels;jelas
diakibtkn;diakibatkan
jelek2;jelek-jelek
dsrny;dasarnya
jkrta;jakarta
mantaap;mantap
lanjutkaaaaan;lanjutkan
hiduppp;hidup
ncek;encek
majuuu;maju
teruuss;terus
kdg2;kadang-kadang
looohh;loh
sebelumbya;sebelumnya
tunjukin;tunjukkan
"tahun""";tahun-tahun
jkt;jakarta
nyampein;menyampaikan
hokiii;hoki
"bangt""";banget-banget
nafkahin;menafkahi
ngitem;menghitam
banyaaaak;banyak
lhat;lihat
cantika;cantik
fillm;film
jendral;jenderal
nanya;tanya
maenya;mainnya
sinet;sinetron
cantiks;cantik
pilm;film
"nangis""";menangis-nangis
cini;sini
jaaangan;jangan
terimaksih;terima kasih
kaannnn;kan
tidakkkk;tidak
kemuh;kamu
da;sudah
keren2;keren-keren
sby;surabaya
buanget;banget
kebawa;terbawa
mimpiii;mimpi
ketemuuu;ketemu
wanjerrr;anjir
satupunn;satupun
motret;memotret
kapan2;kapan-kapan
lapakk;lapak
nyeniii;menyeni
seeh;sih
deuhh;duh
b2an;berduaan
dihargain;dihargai
"engga""";enggak-enggak
tahun2;tahun-tahun
gilsss;gila
nganbek;mengambek
enk;enak
mendam;memendam
manta;mantan
relaaaa;rela
bgun;bangun
tdur;tidur
anugrah;anugerah
awoohhh;allah
kli;kali
sbbyak;sebanyak
apun;apapun
nyangkutnya;menyangkutnya
paraah;parah
dijelekin;dijelekkan
bntu;bantu
azeeeek;asik
ntikk;cantik
uhh;uh
mayan;lumayan
mnisss;manis
tambahim;tambahkan
gilaaaa;gila
canttikkk;cantik
baanggeettt;banget
siiihh;sih
krpoooo;kepo
pengn;pengin
nyok;yuk
dekkk;dek
mmang;memang
nentuin;menentukan
mnjmput;menjemput
ygs;sayang
dahh;deh
mblooo;jomblo
ber'expresi;berekspresi
ciumman;ciuman
aurot;aurat
laginy;laginya
nyaaaaaaaaaaaaa;nya
alkhamdulilah;alhamdulillah
ktnya;katanya
selaluu;selalu
anjirrr;anjir
ngeh;engah
amen;amin
ngmngnya;mengomongnya
sampai2;sampai-sampai
hal2;hal-hal
komunitas2;komunitas-komunitas
fotony;fotonya
halllo;halo
ngiritya;mengiritnya
hematt;hemat
ciyeeee;cie
nget;banget
kususnya;khususnya
krm;kirim
sam;sama
ajaaahhhhh;saja
syediiihhh;sedih
malangg;malang
belooomm;belum
yaakk;ya
kebukti;terbukti
anak2e;anak-anaknya
tuwanya;tuanya
comen2nya;komen-komennya
pedesssss;pedas
jelas2;jelas-jelas
nyebut2;menyebut-nyebut
anak2mu;anak-anakmu
plg;pulang
smbil;sambil
hellooooooo;halo
ngrebut;merebut
taek;tahi
hancurin;menghancurkan
bangkret;bangkrut
ngmng;mengomong
lahhhhhh;lah
kedokk;kedok
"mati""an";mati-matian
serem2;seram-seram
"ngumpet""";mengumpet-ngumpet
blim;belum
mnjijikaaaaaan;menjijikkan
astgfrlh;astagfirullah
sahabatt;sahabat
gnyngka;enggak menyangka
sendirir;sendiri
brengsekk;brengsek
mbg;mbak
ngomentnya;mengomentarinya
helo;halo
dpotong;dipotong
ngmgin;mengomongkan
bilangg;bilang
gkhianati;mengkhianati
sp;siapa
pljaran;pelajaran
mngikuti;mengikuti
klkuan;kelakuan
dibikin2;dibikin-bikin
nnt;nanti
kasiannn;kasihan
syekaliii;sekali
hgga;hingga
sholihah;salihah
adeuh;aduh
nantiii;nanti
halahh;alah
luu;lu
yuuks;yuk
yoo;ayo
judulnyaa;judulnya
ape;apa
ayoookkkkkk;ayo
cwek;cewek
namax;namanya
lt;lantai
"nama""";nama-nama
keluarin;mengeluarkan
mbak2;mbak-mbak
komentnya;komentarnya
omongin;mengomongkan
ngalirrrrr;mengalir
nmbah;bertambah
terossss;terus
dosaa;dosa
seindonesiyah;seindonesia
senyumin;senyumi
segala2nya;segala-galanya
ngrusak;merusak
px;punya
kslhn;kesalahan
skrngnya;sekarangnya
kalik;kali
nyambungin;menyambung
nggali;menggali
kurng;kurang
nangiiiiis;menangis
nangiiis;menangis
ortunya;orang tuanya
woey;woy
bloghhh;goblok
nyimak;menyimak
mnjawab;menjawab
woooiiiiiiii;woy
dosaaaaaaaaaa;dosa
karmaaa;karma
woooiiiii;woy
ngkkkkkk;mengakak
makny;maknya
wdooohhh;waduh
kasihn;kasihan
lhirr;lahir
hujatann;hujatan
palgi;apalagi
kakakkk;kakak
stp;setiap
penbelian;pembelian
cuaantik;cantik
sukakkk;suka
m;sama
expresi;ekspresi
natap;menatap
helloo;halo
difotoin;difoto
psangan;pasangan
ngiriii;mengiri
coxok;cocok
buatin;buatkan
statusx;statusnya
cem;macam
yee;ya
sunggu;sungguh
ammiiin;amin
haddeh;aduh
maaasss;mas
segerrrr;segar
kemn;kemana
suipit;sipit
sipiit;sipit
kedengeran;kedengaran
lancr;lancar
keputihn;keputihan
km;kami
"mdh""";mudah-mudah
bz;bisa
amiennn;amien
ammin;amin
mendapatkn;mendapatkan
lucuuuk;lucu
amaattt;amat
namain;menamai
ngerayain;merayakan
yaoloh;yaallah
buatin;membuat
d.bikinin;dibikin
mmz;mas
bikinin;bikin
bapeeeer;bawa perasaan
baperr;bawa perasaan
keliatannya;kelihatannya
siih;sih
duluuu;dulu
hadeehh;aduh
pu;punya
suamiiiii;suami
kebykan;kebanyakan
tingal;tinggal
pernikahn;pernikahan
macem;macam
bagusnyeee;bagusnya
hmpir;hampir
liatnyaaa;lihatnya
waw;wow
mbuh;embuh
waaa;wah
berbiiiiiihhh;barbie
canteek;cantik
teru;terus
nyatok;mencatok
nyampenya;sampainya
goncengin;boncengkan
gebleg;geblek
dianterin;diantarkan
anterin;antar
ngantar;mengantar
nganterin;mengantarkan
ati2;hati-hati
diapa2in;diapa-apai
yeuh;ya
dianterin;diantar
dianter;diantar
disupirin;disopiri
anterin;antarkan
jidad;jidat
jangan2;jangan-jangan
novembr;november
genduut;gendut
bertatto;bertato
brrt;berarti
kana;kanan
doong;dong
sbelah;sebelah
cew;cewek
sblah;sebelah
tengaj;tengah
ps;pas
gmpg;gampang
apal;hapal
rupa2nya;rupa-rupanya
kembaq;kembar
tngh;tengah
mknya;makanya
sdkit;sedikit
prmpuan;perempuan
pcarny;pacarnya
ketuker;tertukar
drimnanya;darimananya
cntikan;cantikan
edaaaan;edan
bazengg;bajingan
haiii;hai
kmana2;kemana-mana
miripp;mirip
sdg;sedang
komentar2;komentar-komentar
kenyataan2;kenyataan-kenyataan
lwt;lewat
sukur2;sukur-sukur
baek2;baik-baik
hati2;hati-hati
nasehatin;menasihati
beda2;beda-beda
dibkatakan;dikatakan
doonk;dong
pengikuy;pengikut
ngmngin;mengomongkan
sblmnya;sebelumnya
maksd;maksud
adkah;adakah
menbelah;membelah
mngira;mengira
bertolernsi;bertoleransi
slahkan;salahkan
tolernsi;toleransi
sbnarnya;sebenarnya
ingi;ingin
oalaaaa;walah
menjelekan;menjelekkan
hadeuuh;aduh
baca2;baca-baca
hrsnya;harusnya
berbeda2;berbeda-beda
adlh;adalah
sebelum2nya;sebelum-sebelumnya
sedihh;sedih
gndakan;gandakan
kangeeeeeeeenya;kangen
ganti'kn;menggantikan
amiiiiiiiiiiiiiiiiin;amin
kgeeeen;kangen
tnang;tenang
mti;mati
bngetttt;banget
bgect;banget
"kebaikan""y";kebaikannya
trima;terima
dssi;disisi
kebayang;terbayang
kangeeeeennn;kangen
aer;air
skalii;sekali
dtinggl;ditinggal
terbaiiikkkkk;terbaik
murahhh;murah
pecahhg;pecah
kakakgh;kakak
terbaeeeek;terbaik
prempuan;perempuan
manteep;mantap
nggeh;engah
indonesiaaa;indonesia
inia;ini
maluu;malu
cobaaaa;coba
cepetan;cepatan
ntapsss;mantap
kamiiii;kami
tw;tau
sdkit2;sedikit-sedikit
penyakitny;penyakitnya
mgkin;mungkin
ngajarin;mengajari
tntg;tentang
pa;apa
qmu;kamu
laenny;lainnya
amiinnn;amin
scpatny;secepatnya
sampein;sampaikan
tuany;tuanya
amiiinnn;amin
doa2;doa-doa
amiiinn;amin
yahhh;ya
adeeek;adek
bca;baca
netes;menetes
mataq;mataku
byangin;membayangkan
trjadi;terjadi
dposisi;diposisi
tanda2nya;tanda-tandanya
dijwb;dijawab
orgtuanya;orang tuanya
tmpt;tempat
tmn2nya;teman-temannya
sayy;sayang
salaam;salam
liad;lihat
dallam;dalam
tentanh;tentang
kejadianny;kejadiannya
main2;main-main
kebanggan;kebanggaan
sayaang;sayang
klg;keluarga
msg2;masing-masing
pgnnya;penginnya
meluk;memeluk
siiihhh;sih
mupeng;muka pengin
caya;percaya
aduhhhhhhhhh;aduh
buseett;buset
mblo;jomblo
gagahx;gagahnya
kaliiii;kali
miriiiip;mirip
niru;meniru
bpknya;bapaknya
bpkmu;bapakmu
sangt;sangat
baang;bang
aqu;aku
ngademin;mengademkan
aahh;ah
kakkk;kak
ayuk;ayo
keluarin;keluarkan
yokk;yuk
ono;sono
weeeh;wih
bagiin;membagikan
suksea;sukses
dekt;dekat
genggg;geng
yawloh;ya allah
bhnya;bahannya
cucokkk;cocok
samaaaa;sama
abanggku;abangku
dsni;disini
ciieeeeeee;cie
kokohh;engkoh
cieeeee;cie
takuttt;takut
yuks;yuk
pnjual;penjual
latian;latihan
aaaaaaakkk;ah
soga;moga
sintron;sinetron
ancurrr;hancur
iaa;iya
dblkang;dibelakang
yayang;sayang
gokillllll;gila
aplks;aplikasi
pling;paling
ktawa;ketawa
baguuus;bagus
ayoook;ayo
kaaan;kan
banged;banget
ngepoin;mengepoi
uuhh;uh
dah;deh
beut;banget
pengeeenn;pengin
dongggg;dong
nyampe;sampai
hatii;hati
besook;besok
njayyy;anjay
maacih;terima kasih
tokayyy;tahi
to;tapi
mksdku;maksudku
cba;coba
nh;nih
"ilang""";hilang-hilang
ksini;kesini
kubarikan;kuberikan
giniin;beginikan
ayank;sayang
anyeng;anjing
njirrr;anjir
yankkk;sayang
cukurrr;cukur
gilaaaaaa;gila
yhaaa;ya
qaqaaaa;kakak
sayangkuuuuu;sayangku
banx;bang
edannn;edan
bape;bawa perasaan
telimakacih;terima kasih
nerawang;menerawang
cantiiiik;cantik
didapet;didapat
tanya2;tanya-tanya
kuningggg;kuning
mz;mas
nyolot;menyolot
sihhh;sih
kakk;kakak
elahh;alah
bela2in;membela-bela
marah2an;marah-marahan
syantiiiiikkkkkkkkkkkk;cantik
punyaaa;punya
nd;indak
"bwa""";bawa-bawa
subahanallah;subhanallah
kerrennn;keren
ngetik;mengetik
ntah;entah
pan;kapan
mateeeek;mati
geetoo;begitu
ginian;beginian
ntr;entar
sewain;menyewa
kokkk;kok
muluuu;melulu
yaaang;yang
dbuat;dibuat
gituu;begitu
yappp;ya
uwahhhhh;wah
psgn;pasangan
ujg;ujung
kki;kaki
hayukk;hayo
segitunya;sebegitunya
ntab;mantab
atuhhh;atuh
yukss;yuk
lihaatttt;lihat
niiiihh;nih
liattt;lihat
cuyyy;cuy
liatiii;lihat
jombsss;jomblo
emesshhh;gemas
gemeessss;gemas
poollll;pol
gemesyak;gemas ya
cntiknya;cantiknya
bngttt;banget
ngegmesin;menggemaskan
hndak;hendak
kh;kah
hndk;hendak
iiih;ih
lutunaa;lucunya
abiz;habis
aamiinin;amin
fhoto;foto
imuutt;imut
tay;tahi
toketnya;teteknya
tumpe2;tumpah-tumpah
tuuuuh;tuh
aneh2;aneh-aneh
macam2;macam-macam
"mbak""";mbak-mbak
mbaknyaahh;mbaknya
pyudara;payudara
lenje;lenjeh
ditutupin;ditutupi
cantiik2;cantik-cantik
hati.a;hatinya
mk.a;makanya
mlt.a;mulutnya
nyerocooooos;mencerocos
kyk.a;kayaknya
sklh;sekolah
pljrn;pelajaran
srng;sering
msk;masuk
ngalahin;mengalahkan
brisi;berisi
loo;loh
laa;lah
pkoknya;pokoknya
knl;kenal
canti;cantik
astagfirullh;astagfirullah
nutupin;menutupi
hub;menghubungi
kmn;kemana
dung;dong
kakakaaaaaaaaaaaaaa;kakak
batwc;banget
kamyuhhh;kamu
dbwh;dibawah
yuuuk;yuk
bukti2;bukti-bukti
senenggg;senang
mao;mau
murhan;murahan
bgettt;banget
negri;negeri
mereka2;mereka-mereka
pakke;pakai
ktergantungan;ketergantungan
prwatn;perawatan
hslnya;hasilnya
maksih;terima kasih
gratiss;gratis
bbrpa;beberapa
ajaibb;ajaib
setujuuu;setuju
ajarin;ajarkan
mrnghadapi;menghadapi
naka;nakal
sdkt;sedikit
besar2in;besar-besarkan
s*inetr*n;sinetron
mndpt;mendapat
skt;sakit
sebnyak;sebanyak
terburu2;terburu-buru
nanya;bertanya
ngumpat2;mengumpat-ngumpat
nantangin;menantang
ngegampar;menggampar
ngelaporin;melaporkan
salahin;salahkan
konsekwensi;konsekuensi
muliany;mulianya
mungki;mungkin
u;untuk
t4;tempat
bacahalah;bacalah
yaak;ya
dikerasin;dikerasi
gkkan;enggak akan
ngulangin;mengulangi
lebayy;lebay
bedaa;beda
pnyaa;punya
sendirii;sendiri
bol3h;boleh
ngadu;mengadu
ketauan;ketahuan
dimarahin;dimarahi
manjain;memanjakan
boleh2;boleh-boleh
hallo;halo
nyelesain;menyelesaikan
troma;trauma
kerasin;kerasi
kamu2;kamu-kamu
cewer;jewer
bilanh;bilang
jwban;jawaban
suk;suka
rajin2;rajin-rajin
jungkiir;jungkir
kekk;kayak
gunaa;guna
bales2in;balas-membalas
orangg;orang
tauuuu;tau
bls;balas
byak;banyak
kepad;kepada
bantuanny;bantuannya
ttinggi;tinggi
perna;pernah
grgr;gara-gara
jari2;jari-jari
pukulin;pukuli
bengkak2;bengkak-bengkak
komentarin;komentari
bijak2;bijak-bijak
menurur;menurut
tipe2;tipe-tipe
liatlah;lihatlah
teguran2;teguran-teguran
skolah;sekolah
klas;kelas
krena;karena
tkut;takut
grunya;gurunya
pndah;pindah
masukin;memasukkan
dilindungin;dilindungi
kasiaannn;kasihan
miring2;miring-miring
baek;baik
tinggalin;tinggalkan
kaitannha;kaitannya
sud;sudah
sampw;sampai
rana;ranah
thdp;terhadap
bhkn;bahkan
justeru;justru
apah;apa
ngatai;mengatai
kln;kalian
ngajar;mengajar
termuraaahhhh;termurah
brkunjun;berkunjung
suarranya;suaranya
iu;itu
bgussss;bagus
ambilin;mengambil
mdh2an;mudah-mudahan
biasaaaa;biasa
luuuaar;luar
redho;ridho
rezki;rezeki
kepd;kepada
luaarrr;luar
biasaaa;biasa
jadilh;jadilah
kata2nya;kata-katanya
terhaaru;terharu
orrunya;orang tuanya
flm;film
kalok;kalo
adek2;adek-adek
loncatt;loncat
hampasss;hempas
kt;kita
bunga2;bunga-bunga
apaaan;apaan
ampuuunn;ampun
daaah;dah
bangetttttt;banget
ituh;itu
suaranyaaaaaa;suaranya
idoolaaa;idola
pulaa;pula
penyanyi2;penyanyi-penyanyi
wiih;wih
kaaaa;kak
sayanggg;sayang
allaahh;allah
ajahhh;saja
dehat;sehat
salammmm;salam
hari2;hari-hari
sihat;sehat
buruann;buruan
rekomendain;rekomendasikan
trussss;terus
kakakuuu;kakakku
ngalir;mengalir
bangt;banget
prawatan;perawatan
dimao;dimau
wjh;wajah
prwtn;perawatan
silahkn;silakan
ajha;saja
"minyak""an";minyak-minyakan
mutihin;memutihkan
smster;semester
uga;juga
ucull;lucu
"ngomong""";ngomong-ngomong
udehh;sudah
skrang;sekarang
ucul;lucu
jan;jangan
syngnya;sayangnya
dipermainin;dipermainkan
kasiatnya;khasiatnya
kocakkk;kocak
dasarrr;dasar
ajaaa;saja
waaaaw;wow
cannnnntikkkkkkk;cantik
cantikx;cantiknya
fatanik;fanatik
protestin;protestan
kakau;kalau
marh;marah
emngnya;memangnya
darpada;daripada
cooooooocok;cocok
pkk;pakai
agama'ny;agamanya
prcy;percaya
lurusin;meluruskan
biri;biru
nti;nanti
luco;lucu
ultha;ultah
batikk;batik
arab2;arab-arab
luchu;lucu
abes;habis
duhh;duh
sedihhh;sedih
ngasi;mengasih
gasih;enggak sih
naaaak;nak
astagaa;astaga
akuuu;aku
astafirullah;astagfirullah
msuk;masuk
peragain;peragakan
shayyy;say
anjaayy;anjay
ngilerrrr;mengiler
shay;say
bayangin;bayangkan
woyyy;woy
shaaaay;say
hempaass;hempas
sayyy;say
shayy;say
syantiek;cantik
njay;anjay
hehh;eh
ingeet;ingat
sblh;sebelah
gag;enggak
nawarin;menawari
amiiiiin;amin
jauhhh;jauh
baguss;bagus
waaahhh;wah
ajakin;mengajak
mntn;mantan
luhhh;lu
nyet;monyet
yooookkk;yuk
jrnk;jarang
"jelas""";jelas-jelas
cow;cowok
kayax;kayak
dblkng;dibelakang
anjirr;anjir
sangattt;sangat
iyap;iya
mayann;lumayan
autuhh;tau tuh
atutt;takut
ketara;tertara
giniii;begini
looo;loh
mbaaass;mbak
bund;bunda
almh;almarhumah
temenkuuh;temanku
suami'y;suaminya
bngeeeetttt;banget
entr;entar
kyax;kayak
cuantikkk;cantik
mksdnya;maksudnya
namain;namai
kaaaaaaaaaakkkkkkkkkkk;kak
panggilan'ya;panggilannya
kucing'y;kucingnya
nama'in;namai
panggilan'y;panggilannya
kalw;kalau
tips2;tips-tips
alu;aku
ngerrrriiii;ngeri
ayooo;ayo
ngriii;mengiri
paksain;memaksakan
kox;kok
th;teh
pkee;pakai
cantiikkkk;cantik
smkin;semakin
bgmna;bagaimana
ssorg;seseorang
hdpn;hadapan
tsb;tersebut
smakin;semakin
mnambh;menambah
ktaatan;ketaatan
stju;setuju
dilepas2;dilepas-lepas
istiqomahhh;istikamah
ngerii;ngeri
imutt;imut
amu;kamu
nahh;nah
cntikk;cantik
mauuuuuuu;mau
jilbb;jilbab
tmn;teman
ngecek;mengecek
ndut;gendut
penasarn;penasaran
cuyy;cuy
astauviruloh;astagfirullah
binggo;banget
kaakk;kak
paaak;pak
gawl;gaul
kecr;kece
gilaaa;gila
iih;ih
ngajak;mengajak
gemay;gemas
aned;banget
gingsungny;gingsulnya
cariin;carikan
cuanti;cantik
mbanya;mbaknya
lh;boleh
knlan;kenalan
mbaakk;mbak
nyusahhin;menyusahkan
byaran;bayaran
wlawpun;walaupun
sedangkn;sedangkan
bnggain;banggakan
nyusahin;menyusahkan
dibanggain;dibanggakan
wlau;walau
"bangga""in";membangga-banggakan
krya;karya
"bilang""";bilang-bilang
tinggall;tinggal
ngebales;membalas
bangga2in;membangga-banggakan
dibnggain;dibanggakan
wlaupun;walaupun
karya2;karya-karya
drimana;darimana
ngepake';memakai
gksalah;enggak salah
nuntut;menuntut
ngebiarin;membiarkan
spy;supaya
bhas;bahas
tdi;tadi
lagu'y;lagunya
lagu2nya;lagu-lagunya
jadiin;jadikan
guaa;gua
nyampah;menyampah
"mba""";mbak-mbak
bukan'a;bukannya
tappi;tapi
pacara;pacaran
kalli;kali
nuduh;menuduh
"ngerebut""";merebut-rebut
lluu;lu
ngerussak;merusak
"bela""in";membela-bela
bellain;membela
coment;komen
dewassa;dewasa
kallo;kalo
comnet;komen
"pikir""";pikir-pikir
kaya'a;kayanya
kuyyy;yuk
gitu2;begitu-gitu
sgtu'y;sebegitunya
ngebelain;membela
"karya""";karya-karya
do;di
cali;caci
penghrgaan;penghargaan
lbihh;lebih
drii;dari
"artist""";artis-artis
"maki""";maki-maki
komentarin;mengomentari
sendirinnya;sendirinya
stidaknya;setidaknya
trbaikk;terbaik
kmauan;kemauan
punn;pun
mengikutii;mengikuti
atassan;atasan
klauu;kalau
jngnn;jangan
so;sok
sendirinyya;sendirinya
frestasiii;prestasi
ajjh;saja
mst;mesti
add;ada
see;sih
sibukx;sibuknya
katanyaa;katanya
lawaaaas;lawas
kocaaaak;kocak
jagain;jaga
pkoknyaa;pokoknya
dsana;disana
suksess;sukses
cita2;cita-cita
sichhhhhhhhhh;sih
diapain;diapakan
yh;ya
nampak;menampak
tehhh;teh
tehhhh;teh
padet;padat
buktiin;buktikan
wooowww;wow
saranin;sarankan
cobain;coba
ngerasain;merasai
muga;moga
janka;jangka
kepoin;mengepoi
wawwwww;wow
waaaww;wow
waaawwww;wow
model2;model-model
awal2;awal-awal
setabil;stabil
bangettttttt;banget
ngtain;mengatai
oplas;operasi plastik
nambahh;bertambah
paripurnahh;paripurna
wanitah;wanita
indonesiaah;indonesia
cumn;cuman
gegra;gegara
kmrin;kemarin
brita;berita
diliat;dilihat
gapernah;enggak pernah
fotbar;foto bareng
wajarrr;wajar
sampek;sampai
sngt;sangat
wk;waktu
skg;sekarang
bingiittt;banget
sudh;sudah
nampar;menampar
tukan;tukang
jatoh;jatuh
"muka""";muka-muka
jlek;jelek
cantik2nya;cantik-cantiknya
sdgkn;sedangkan
jgk;juga
"apa""";apa-apa
mancungin;memancungkan
kusem;kusam
drpada;daripada
kmar;kamar
diemm;diam
tnggu;tunggu
dteng;datang
guee;gue
ketawain;mentertawakan
lohh;lo
yaelahhh;alah
"sikap""";sikap-sikap
ngehujat;menghujat
komenan;komentar
ngejatuhin;manjatuhkan
gedeg;gedek
muka2;muka-muka
eey;eh
nggk;enggak
kslahan;kesalahan
ngata2in;mengatai-ngatai
perhatiam;perhatian
dibiarin;dibiarkan
trjd;terjadi
mkir;memikir
22nya;dua-duanya
apalai;apalagi
dikata2in;dikata-katai
cmpur;campur
saat2;saat-saat
dtg;datang
nyadar;menyadari
kta;kata
br;baru
nyadar;sadar
bka;buka
sotoy;sok tau
berani2;berani-berani
sprt;seperti
pipi'y;pipinya
gemmeeezzz;gemas
cantiikk;cantik
sukam;suka
wkt;waktu
manisss;manis
trasa;terasa
minpi;mimpi
bner2;benar-benar
mnjdkan;menjadikan
mudah2n;mudah-mudahan
baju2;baju-baju
soalx;soalnya
smpt;sempat
keche;kece
badaii;badai
btuh;butuh
ktanya;katanya
bebrp;beberapa
sblum;sebelum
santab;santap
salehah;salihah
lht;lihat
cantiq;cantik
pengalam;pengalaman
mantepp;mantap
kuninggg;kuning
pinkkkk;pink
warnany;warnanya
mkn;makin
senangat;semangat
msknya;masaknya
ciptain;ciptakan
bagussss;bagus
sayangkuh;sayangku
gans;ganteng
babget;banget
dihh;dih
jadu;jadi
heii;hai
kamuu;kamu
ksyngn;kesayangan
haru;harus
narik;menarik
"orang""";orang-orang
syng;sayang
amatt;amat
gokilll;gila
gantenggg;ganteng
hancuuuuuy;hancur
mattihhh;mati
beudd;banget
termiribkan;termiripkan
brrti;berarti
wenakk;enak
nganteng;ganteng
abanggg;abang
seksii;seksi
gtuh;begitu
jadii;jadi
emeezzz;gemas
amohhh;kamu
maau;mau
eyke;aku
gilakkkkk;gila
duhhhhh;duh
liaatt;lihat
iniiiii;ini
aloh;allah
ngettt;banget
mirippp;mirip
mukax;mukanya
maso;masa
dpn;depan
ngeliatnya;melihatnya
brubah;berubah
pelastik;plastik
keak;kayak
beud;banget
pahamin;pahami
cntk;cantik
takuuuuut;takut
ahahahanjirrr;anjir
dasyat;dahsyat
jogetin;berjoget
shaay;say
boker;berak
pacarnyaa;pacarnya
matii;mati
ketawaa;ketawa
taekk;tahi
wanjiir;anjir
dmna;dimana
dh;deh
mauuuuu;mau
minta;meminta
bnran;benaran
sgla;segala
uitnya;duitnya
beliiin;belikan
yaaah;ya
macem2;macam-macam
beliin;belikan
sekaeang;sekarang
tgk;tengok
kageet;kaget
say;sayang
ilang2;hilang-hilang
bkn;bikin
tanyain;tanyakan
nyoba;mencoba
yu;yuk
jatuhnyaa;jatuhnya
tambahin;tambahkan
banyakin;membanyaki
nambah;bertambah
tipu2nya;tipu-tipunya
doaang;doang
tpii;tapi
kaj;kak
lcu;lucu
wahhhhhh;wah
bingittzz;banget
iiiiiiiii;ih
kaliiiiiii;kali
melebihin;melebihi
gakpapa;enggak apa-apa
kalogak;kalo enggak
ndukung;mendukung
aminnnnn;amin
aamiinnn;amin
skluarga;sekeluarga
daah;dah
suaminga;suaminya
smgaa;semoga
cuaaantikk;cantik
muraaaaah;murah
baraang;barang
bets;banget
cantiknyaaa;cantiknya
alhamdulillaaaaah;alhamdulillah
istiqamah;istikamah
sembuhin;menyembuhkan
pengrusak;perusak
ngoceh;mengoceh
hpus;hapus
pjang;pajang
bdampingan;berdampingan
uih;uh
komenx;komennya
"serem""";seram-seram
"happi""";hepi-hepi
aza;saja
bgtuu;begitu
ktwa;ketawa
yeee;ya
abizzz;habis
malu2in;malu-malui
mff;maaf
jjur;jujur
semogaa;semoga
kepelesett;terpeleset
geeelaakk;gila
salfok;salah fokus
bolang;bocah petualang
pkek;pakai
pnjang;panjang
pla;pula
lagihh;lagi
hedeuuhh;aduh
stress;stres
saltummmm;salah kostum
nyambung;menyambung
mboizzz;bois
suda;sudah
kayaq;kayak
ema;emak
gayany;gayanya
engk;enggak
dirumahny;dirumahnya
yuh;tuh
rmbt;rambut
mrusak;merusak
dunk;dong
siapayahh;siapa ya
bilangin;bilang
kostom;kostum
loo;lo
gnii;begini
atuu;satu
ngegemesin;menggemaskan
pipinyaaa;pipinya
pinginnn;pengin
bungkuuuuuuuuusss;bungkus
iiiihhhhhj;ih
emeessss;gemas
pipine;pipinya
glembeeeer;gelambir
lucunaaa;lucunya
cubanget;lucu banget
pengenn;pengin
unyuuk;unyu
lucunyah;lucunya
mantaaap;mantap
bingits;banget
keduaa;kedua
trsrh;terserah
seterong;setrong
teyuss;terus
dimasukin;dimasuki
jahatin;menjahati
ush;usah
masukin;memasuki
ngapain;mengapa
gtw;enggak tau
qo;kok
nulis;menulis
nyebutin;menyebutkan
bales;balas
ngertiin;mengerti
rasaiin;rasai
gakusah;enggak usah
disni;disini
sabarrr;sabar
semangaatttt;semangat
bedainnya;membedakannya
krus;kurus
elaaaahhhh;alah
kereenn;keren
tap8;tapi
imoet;imut
pandanginya;memandanginya
kenaliiin;kenalkan
qu;ku
tauuu;tau
suko;suka
niih;nih
sihhhh;sih
"sebaik""";sebaik-baik
ngomentarin;mengomentari
"masing""";masing-masing
ikh;ih
segtu;sebegitu
ngebenci;membenci
bakar2in;bakar-bakari
padhe;pakde
dosa2mu;dosa-dosamu
maafin;memaafi
ujung2;ujung-ujung
dalem2;dalam-dalam
bahas2;bahas-bahas
mslh;masalah
woles;selow
hianatin;khianati
halangin;halangi
iyuh;ih
iyuuuhhhh;ih
jgn2;jangan-jangan
gabakal;enggak bakal
adapin;menghadapi
ngehakimi;menghakimi
ngejuangin;memperjuangkan
dipojokin;dipojokkan
bacotin;bacoti
berati;berarti
dripada;daripada
kebangetak;kebangetan
tangkep;tangkap
bt;buat
sadis2;sadis-sadis
cowo;cowok
maksir;menaksir
hebatt;hebat
nerima;menerima
liht;lihat
pndang;pandang
sbagai;sebagai
pmbelajaran;pembelajaran
ngejelek;menjelekkan
maslah;masalah
mmperbaiki;memperbaiki
temenan;berteman
ngerebut;merebut
pny;punya
kafeh;kafe
remang2;remang-remang
tinggl;tinggal
dirmh;dirumah
mnta;minta
kale;kali
iyuuhhh;ih
ktika;ketika
dipuja2;dipuja-puja
kam;kamu
ngrasain;merasai
rasain;rasai
pesen;pesan
yeeee;ya
ityl;itil
marah2;marah-marah
wenak;enak
ngarang;mengarang
kelas'a;kelasnya
hadeeehhh;aduh
jing;anjing
"abal""";abal-abal
"gtu""an";begitu-gituan
gmanapun;bagaimanapun
kr;kira
taux;taunya
urat2nya;urat-uratnya
ngorbanin;mengorbankan
eksprsi;ekspresi
gitulah;begitulah
"foto""";foto-foto
mamas;mas
ngilangin;menghilangkan
gada;enggak ada
bandingin;bandingkan
tua2;tua-tua
ketarik;tertarik
terus2an;terus-terusan
liat2;lihat-lihat
waduhh;waduh
"bawa""";bawa-bawa
badingkan;membandingkan
bgmana;bagaimana
ributin;meributkan
brantem;berantem
lipetan;lipatan
ampuun;ampun
yya;ya
bneraan;benaran
kageeet;kaget
sangaaattt;sangat
rmbuut;rambut
nt;nanti
walik;balik
oma2;oma-oma
kirain;mengira
kellen;kalian
aje;saja
ngomenin;mengomentari
iseng2;iseng-iseng
niyyyyhhhh;nih
mlah;malah
sexi2;seksi-seksi
blik;balik
cb;coba
kenape;kenapa
ladenin;meladeni
skit;sakit
hat;hati
kkak;kakak
jilbabnye;jilbabnya
ledkin;meledeki
digabtikan;digantikan
ngumung;mengomong
dikemanain;dikemanakan
ilang-in;hilangkan
prinadi;pribadi
luh;lu
yep;ya
"ngaku""";mengaku-ngaku
helooooo;halo
u;lu
palingann;palingan
berjinah;berzina
munaafikk;munafik
urusn;urusan
pk;pakai
saudra;saudara
trganggu;terganggu
bhijab;berhijab
lepasin;melepas
smentara;sementara
biarin;biarkan
waduhhh;waduh
ursan;urusan
sudab;sudah
dwsa;dewasa
agma;agama
rpt2;repot-repot
sbr;sabar
ngaji;mengaji
nmr;nomor
romantiz;romantis
pensaran;penasaran
kepoin;kepoi
baru2;baru-baru
tlp;telepon
yok;yuk
lainnyaa;lainnya
perbulannn;perbulan
penyebab2;penyebab-penyebab
nyupir;menyopir
steess;stres
kwatir;kawatir
tengah2;tengah-tengah
duetin;duet
dongg;dong
silsturahmi;silaturahmi
mrka;mereka
ank2nya;anak-anaknya
dijkt;dijakarta
may;mau
cums;cuma
undangan2;undangan-undangan
past;pasti
anknya;anaknya
wktunya;waktunya
ayukk;yuk
nntn;menonton
filmny;filmnya
nari;menari
ntn;menonton
kemariin;kemarin
knpp;kenapa
lggi;lagi
lma;lama
gaprgi;enggak pergi
klau;kalau
pa2;apa-apa
tgl;tanggal
dtunggu;ditunggu
masa2;masa-masa
kepikir;terpikir
seruuu;seru
bagusss;bagus
emeshh;gemas
kaya;kayak
astagaaaaaa;astaga
pacarn;pacaran
ktg;kita
pacaranya;pacarannya
mbaak;mbak
kka;kakak
de;dek
pacarane;pacarannya
rusakkk;rusak
yaaampunnn;ya ampun
kaga;kagak
taun;tahun
tuwek;tua
mukae;mukanya
ultahe;ultahnya
mlh;malah
kliatanya;kelihatannya
apaa;apa
q;aku
bingiit;banget
pcaranya;pacarannya
taon;tahun
bermaksut;bermaksud
tampialannya;tampilannya
nikaah;nikah
"anak""";anak-anak
pankapan;kapan-kapan
ngumbar;mengumbar
dhpusin;dihapuskan
istiqomah;istikamah
wihh;wih
semangaatt;semangat
mudah2;mudah-mudah
mnutup;menutup
apus;hapus
bngatt;banget
dii;di
ooh;oh
hapusin;hapuskan
ngeuh;engah
th;tahun
mutusin;memutuskan
ngapus;menghapus
fto2;foto-foto
sblm;sebelum
awl;awal
bngkit;bangkit
mncoba;mencoba
dapetin;mendapati
gituan;begituan
cobaaa;coba
cobaa;coba
buktiin;membuktikan
ngebuktiin;membuktikan
wahhh;wah
mutuain;memutuskan
smw;semua
geuliiiiiiis;geulis
euyyyyy;euy
widihh;idih
uuh;uh
ngomongin;mengomongkan
ngirim;mengirim
ngidam;mengidam
sampis;sampah habis
maapin;maaf
ngebala;bala
mampuussss;mampus
diihhhh;dih
hrusnya;harusnya
sabal;sabar
kauuuu;kau
uhhh;uh
sabaro;sabar
eehhh;eh
iiii;ih
kreative;kreatif
bangrt;banget
azekkkk;asik
bngettt;banget
kuaaatt;kuat
bhet;banget
bhs;bahasa
inggrisny;inggrisnya
bangeeet;banget
slm;salam
tmn2;teman-teman
dsna;disana
iyaap;iya
mksih;terima kasih
nga;enggak
canyk;cantik
prodac;produk
bbrp;beberapa
ciyusss;serius
de;deh
lw;lu
cyin;cinta
sexi;seksi
cantinya;cantiknya
gx;enggak
cantikkkk;cantik
woww;wow
bangget;banget
bettt;banget
cantiiillx;cantik
bundaaaa;bunda
mudaa;muda
brapa;berapa
alaami;alami
sabaarrr;sabar
cantiiiikk;cantik
bangeeeeetttt;banget
cannntikk;cantik
banggett;banget
cakepp;cakep
thnan;tahunan
cantikkkkkk;cantik
segerr;segar
wouww;wow
cantiiikkk;cantik
catokin;catok
promil;program hamil
comment2nya;komentar-komentarnya
"benar""";benar-benar
lohhh;loh
besar2an;besar-besaran
pedes;pedas
knsul;konsultasi
brhasil;berhasil
konsul;konsultasi
gratisss;gratis
hilangin;menghilangkan
kontak2;kontak-kontak
dptnya;dapatnya
applikasi;aplikasi
skarang;sekarang
kereeeeen;keren
gemesinnnnn;menggemaskan
prodaknya;produknya
nyesell;menyesal
poko;pokok
ongkiir;ongkir
thn;tahun
ajaibbbbb;ajaib
saayyyyy;say
belanjaa;belanja
disiniii;disini
ganteung;ganteng
iiiiiiiiii;ih
lucuukk;lucu
keciil;kecil
yakinn;yakin
pentass;pentas
kepoin;kepo
ngelahirin;melahirkan
paksain;memaksa
biasaa;biasa
besarin;membesarkan
bosaan;bosan
yuukk;yuk
kitaaa;kita
murmer;murah meriah
testinya;testimoninya
mengirusi;mengurusi
khdpn;kehidupan
ngalah;mengalah
ngelawan;melawan
betuuuuulllllllllllllllll;betul
banyak2;banyak-banyak
bisax;bisanya
nyerocos;mencerocos
klmbutan;kelembutan
seburuk2;seburuk-buruk
diingetin;diingatkan
ngeriiiiii;ngeri
nich;nih
akhlah;akhlak
elo2;lo-lo
mandiin;memandikan
nguburin;menguburkan
subhannallah;subhanallah
ngebedain;membedakan
urusanny;urusannya
tuhanny;tuhannya
brtngkar;bertengkar
pndapat;pendapat
teman2;teman-teman
sling;saling
mnding;mending
nmbah;menambah
lha;lah
sharusnya;seharusnya
bangeett;banget
mngkannya;mangkanya
ngelakuin;melakukan
nyia2in;menyia-nyiakan
brarti;berarti
mndpat;mendapat
kpuasan;kepuasan
sgampang;segampang
mlepaskan;melepaskan
ngapain;mengapai
diurusin;diurusi
pantes;pantas
sk;suka
sndr;sendiri
sellow;selow
sbbrnya;sebenarnya
kasar2;kasar-kasar
semangattt;semangat
nungguin;menunggu
testi;testimoni
banyaak;banyak
bujukk;bujuk
pala;kepala
d.apa;diapa
apain;apai
dsar;dasar
y;nya
benetaran;benaran
gaa;enggak
bneran;benaran
krenn;keren
kraya;karya
brg;bareng
ngebantu;membantu
janjutin;lanjutkan
kepppoin;kepoi
recommendasi;rekomendasi
btulan;betulan
kha;kah
rmbut;rambut
pjg;panjang
s;sih
tutupin;menutupi
wik;wig
ithu;itu
ttap;tetap
botakkkk;botak
botakin;botaki
bnrn;benaran
week;wig
gawul;gaul
modes;modis
brayyy;bray
jalan2;jalan-jalan
mauuu;mau
bronis;brondong manis
rb;ribu
gapunya;enggak punya
nambah;menambah
kecantikanga;kecantikannya
loooh;loh
barang2;barang-barang
hiii;hai
piiiilih;pilih
pokonya;pokoknya
deeh;deh
zama;zaman
gnti;ganti
nmnya;namanya
tapo;tapi
kuy;yuk
gkk;enggak
petinggi2;petinggi-petinggi
wota2;wota-wota
indefendet;independen
tempat2;tempat-tempat
yuuuukkk;yuk
dituutup;ditutup
mbaa;mbak
ngayal;mengkhayal
smvk;sempak
bkal;bakal
knyataan;kenyataan
amiinn;amin
njrittt;anjir
selmt;selamat
taz;atas
klhran;kelahiran
pertma;pertama
kelahuran;kelahiran
pertamany;pertamanya
slmt;selamat
mamax;mamanya
iyah;iya
ankx;anaknya
cantip;cantik
la;lah
dedek;adek
ats;atas
klahiran;kelahiran
slmat;selamat
slamat;selamat
mmbanggakan;membanggakan
ortuny;orang tuanya
bngtt;banget
selmat;selamat
ae;saja
mnjdi;menjadi
bnda;bunda
nyah;nya
prtamax;pertamanya
moqa;moga
yq;yang
brbakti;berbakti
gewlaaaaa;gila
ea;ya
basodaraa;bersaudara
gamau;enggak mau
ori;orisinal
hargs;harga
perhatiin;perhatikan
abal2;abal-abal
bantuim;bantu
adl;adalah
pelwak;pelawak
saranin;menyarankan
aamiiin;amin
suces;sukses
sucses;sukses
garemin;garami
gapake;enggak pakai
hubunggi;hubungi
ngiringan;mengiringi
karir.a;karirnya
aamin;amin
teruz;terus
promoo;promo
ongkirr;ongkir
mskasih;terima kasih
wowwwww;wow
cobain;mencoba
seeeemua;semua
dipake;dipakai
nyaranin;menyarani
wowwww;wow
kemarn;kemarin
recomendasinya;rekomendasinya
batesin;batasi
bijin;bikin
pd;percaya diri
ngeidealin;mengidealkan
bdn;badan
bhn;bahan
mngkin;mungkin
menghilangkn;menghilangkan
kenalin;mengenalkan
gasalah;enggak salah
le;boleh
cogan;cowok ganteng
semuaaa;semua
keknya;kayaknya
dijadiin;dijadikan
heeee;hai
nobar;menonton bareng
yam;ya
rame2;rame-rame
kartunin;kartun
jdulnya;judulnya
bacaaaa;baca
kyaknya;kayaknya
leh;boleh
ugha;juga
abez;habis
baaaaaang;bang
ganteeeeng;ganteng
entahhh;entah
gimanaaaa;bagaimana
duuhh;duh
gantengnyaaaa;gantengnya
kpn2;kapan-kapan
pans;fan
kuliyh;kuliah
kenalin;kenalkan
alm;almarhum
gantengkuuuuuu;gantengku
atassss;atas
orgny;orangnya
kaaaaa;kak
owalaah;walah
awk;awak
nengok;menengok
aslinyo;aslinya
alissnyaa;alisnya
masaaaa;masa
adenya;adeknya
komuk;muka
kalahnye;kalahnya
maapin;maafi
iyaaaa;iya
fakultass;fakultas
smrg;semarang
unyu2;unyu-unyu
loe;lo
yyaaa;ya
insonniaaa;insomnia
adekx;adeknya
nihh;nih
azaab;azab
gksi;enggak sih
ahhh;ah
greged;greget
alamiii;alami
kenceng;kencang
ktemu;ketemu
lngsung;langsung
yuuu;yuk
ditayangin;ditayangkan
itungan;hitungan
"ms""";masa-masa
nontonny;menontonnya
emank;memang
rekomendasiiin;merekomendasikan
naksir;menaksir
sista2;sista-sista
agan2;agan-agan
bikinin;membikin
ngg;enggak
nanget;banget
himana;bagaimana
ngeditnya;mengeditnya
waww;wow
kereen;keren
kekgini;kayak begini
ngasih;mengasih
apa2;apa-apa
subhanaallahh;subhanallah
sangat2;sangat-sangat
terharuuuu;terharu
subhanallahhh;subhanallah
tlsn;tulisan
subhanalloh;subhanallah
nagiss;menangis
aneut;banget
trrharu;terharu
subhnallah;subhanallah
allahh;allah
suamiii;suami
aminnnn;amin
aaahh;ah
dcintai;dicintai
spt;seperti
mnjadi;menjadi
liat'y;lihatnya
bngeet;banget
lggeng;langgeng
samara;sakinah mawadah rahman
romantisny;romatisnya
duhhh;duh
pcar;pacar
kakanga;kakaknya
lyt;lihat
yakk;ya
slw;selow
cpa;siapa
aelah;alah
idupnya;hidupnya
bner;benar
orabg;orang
iyha;iya
mukanyaa;mukanya
kakanya;kakaknya
jwb;jawab
kakakny;kakaknya
maluuu;malu
pakek;pakai
woooyy;woy
ngelucu;melucu
bukak;buka
mato;mata
yo;ya
kareno;karena
cino;cina
munafikk;munafik
kw;kau
meker;mikir
indoneaia;indonesia
benarin;membenarkan
jaadii;jadi
apo;apa
nyo;nya
sndri;sendiri
ngaku;mengaku
jalanani;menjalani
dalil2;dalil-dalil
sunah2;sunah-sunah
sdah;sudah
benda2;benda-benda
bilang2;bilang-bilang
emangnya;memangnya
rumpiin;rumpi
hotak;botak
ikut2;ikut-ikut
nahhh;nah
napa;kenapa
ciptain;menciptakan
jawabanny;jawabannya
urusin;urus
masing2;masing-masing
ajj;saja
mikir2;memikir-mikir
oooh;oh
hidupx;hidupnya
dripda;daripada
lsg;langsung
ngefans;fan
uztad;ustad
anjingnyaa;anjingnya
miara;memiara
pegang2;pegang-pegang
gpp;enggak apa-apa
ilmh;ilmu
menasehati;menasihati
kelus;kali
hubngan;hubungan
melihara;memelihara
apalg;apalagi
silahkan;silakan
koclak;kocak
mrip;mirip
bju;baju
cinggirnyaaaa;cinggirnya
bcnda;bercanda
yahhhh;ya
miripppp;mirip
sedikitlaahh;sedikitlah
skitar;sekitar
miriplahhhhhh;miriplah
syediih;sedih
mirp;mirip
baju.a;bajunya
wiiiihhhhhhhhh;wih
koq;kok
gantheng;ganteng
synk;sayang
tnya;tanya
gilak;gila
ngfans;fan
miriiippp;mirip
idungnya;hidungnya
miriip;mirip
wooow;wow
panglingg;pangling
artisnyaa;artisnya
dtggu;ditunggu
kereeen;keren
bangeeettt;banget
bosen;bosan
bgtttttttt;banget
rapih;rapi
buuun;bun
ayoo;ayo
iyak;iya
iyaappps;iya
kmaren;kemarin
sukse;sukses
nih2;nih-nih
baruu;baru
kecptan;kecepatan
scra;secara
dl;dulu
rmbutnya;rambutnya
skr;sekarang
giti;begitu
penganten;pengantin
wrn;warna
ne;ini
fans;fan
amfun;ampun
asuuu;asu
dsini;disini
dibls;dibalas
ceklist;ceklis
terusss;terus
tlvn;telepon
gbs;enggak bisa
trkrim;terkirim
omongin;omongkan
kelaluan;kelakuan
guanteng;ganteng
mlz;malas
emak2;emak-emak
tante2;tante-tante
kepoh;kepo
repong;repot
thu;itu
ngrusin;mengurusi
dua2nya;dua-duanya
iy;iya
drpd;daripada
pdhl;padahal
dnk;dong
senyumna;senyumnya
gausah;enggak usah
ngejelek2in;menjelek-jelekkan
hotx;hotnya
ngatur;mengatur
cwnya;ceweknya
mbaaahhh;mbah
pasangn;pasangan
sttus;status
aama;sama
hadeuuhhhh;aduh
nenek2;nenek-nenek
lebar2;lebar-lebar
mgkn;mungkin
sstu;sesuatu
sll;selalu
serasiii;serasi
cocokx;cocoknya
emakx;emaknya
iniiiiiiiiiiiiiii;ini
cocookk;cocok
kll;kalo
arghhh;ah
ungkapin;ungkapkan
merrid;merit
yoo;ya
cocokkkkk;cocok
cocokkkk;cocok
lbih;lebih
yaolohh;ya allah
aee;saja
lahhh;lah
naggung;menanggung
battt;banget
bangat;banget
am;sama
tah;teh
ade;adek
luthuna;lucunya
ttg;tentang
gakuat;enggak kuat
sie;sih
astagaaa;astaga
trnyata;ternyata
suaraynyaa;suaranya
duanyaa;duanya
anjayyyy;anjay
gabisa;enggak bisa
abis;habis
lagiii;lagi
coeggg;coeg
ancur;hancur
koplak;kocak
uaaasssiiiik;asik
boss;bos
ihhh;ih
nyubit;mencubit
tium;cium
gemeeezzzz;gemas
ppa;papa
haduh;aduh
nda;indak
papahhhnya;papahnya
duuuhh;duh
ginting;ganteng
bingiiittzz;banget
iiihh;ih
dedeknya;adeknya
hadeeuh;aduh
geneeee;begini
yooow;ya
gemezz;gemas
nyaaa;nya
scr;secara
hub;hubungi
gayax;gayanya
infpyunnnn;ampun
bangeeeet;banget
lucuuuu;lucu
paraaah;parah
papiii;papi
kamunyaa;kamunya
gtuu;begitu
ngets;banget
haduuuh;aduh
kesampean;kesampaian
nginjek;menginjak
putihnyaa;putihnya
rasain;merasai
ituuuu;itu
omaaaaaaakk;oma
loncattt;loncat
prnh;pernah
didatengin;didatangi
kmariiin;kemarin
looh;loh
kaan;kan
kaak;kak
ayoklaa;ayolah
kapaan;kapan
yng;yang
jelasssss;jelas
kaliiin;kalian
dmana;dimana
bg;bang
ujunggg;ujung
laaaah;lah
kaakaaaa;kakak
td;tadi
nnton;menonton
srruu;seru
ka;kak
jmpaaaa;jumpa
haii;hai
kitaa;kita
naek;naik
pgen;pengin
syukaaakkk;suka
dengeeriin;dengarkan
yakaliiiii;yakali
dateng;datang
aduhhh;aduh
tohh;toh
atuhh;atuh
ngertii;mengerti
nyanyiin;nyanyikan
dgr;dengar
apalgi;apalagi
nyanyiin;menyanyi
akuh;aku
senengg;senang
mesrany;mesranya
jendes;janda
ngggk;enggak
coccokk;cocok
iiihhhhh;ih
msa;masa
ska;suka
jendesss;janda
klepek2;klepek-klepek
ponakn;ponakan
tantee;tante
gadiss;gadis
tpy;tapi
jnda;janda
bngy;banget
bujngn;bujangan
ngp;mengapa
dlam;dalam
diluarann;diluaran
trbaik;terbaik
hri;hari
padetan;padatan
"gara""";gara-gara
bawa2;bawa-bawa
gajelas;enggak jelas
pcaran;pacaran
or;orang
tdak;tidak
prcuma;percuma
koment;komentar
coment;komentar
"nenek""";nenek-nenek
mbaaa;mbak
langgengggg;langgeng
sekaliiiii;sekali
serem;seram
mikirin;memikirkan
"kata""";kata-kata
anehhh;aneh
digituin;dibegitukan
hayal;khayal
boong;bohong
bedua;berdua
cocokk;cocok
bapeerr;bawa perasaan
nyaa;nya
lagu2;lagu-lagu
keinget;teringat
wihhh;wih
merekak;mereka
kreeenn;keren
abisss;habis
kerennnnn;keren
kocaaaakkk;kocak
abiiiss;habis
pass;pas
personill;personil
lengkapp;lengkap
iiihhhh;ih
flim.a;filmnya
trusan.a;terusannya
kcantikan;kecantikan
tdung;tudung
gangguin;mengganggu
lgi;lagi
da;ada
lgkah2;langkah-langkah
gmana;bagaimana
taw;tau
kta;kita
cntiiikkk;cantik
tegaar;tegar
nihhh;nih
sktlrang;sekarang
msih;masih
kangeeeennnnn;kangen
nangiss;menangis
sjk;sejak
tambh;tambah
nangiis;menangis
teruss;terus
maen;main
cantikkkkkkkk;cantik
nyaaaaaaaaa;nya
sbgai;sebagai
gueee;gue
duuhhhhh;duh
gaada;enggak ada
ngucapin;mengucapkan
malsudnya;maksudnya
kyak;kayak
lluuccuu;lucu
siappa;siapa
martabakk;martabak
tuhh;tuh
skali2;sekali-kali
kueren2;keren-keren
abgnya;abangnya
muke;muka
nii;ini
dapet;dapat
warkop;warung kopi
hayuu;hayo
kenapaa;kenapa
ilang2an;hilang-hilangan
ayooook;ayo
astagaaaaaaaa;astaga
bener2;benar-benar
inihhh;ini
oom;om
mansetan;bermanset
cmn;cuman
keliatan;kelihatan
meranin;memerankan
cadasss;cadas
kereeeeennn;keren
"temen""";teman-teman
telefisi;televisi
kgak;kagak
nikmatin;menikmati
mbahh;mbah
unyuu;unyu
giitu;begitu
ngilang;menghilang
mtanya;matanya
kliatan;kelihatan
cpit;sipit
dee;dek
sumvahh;sumpah
cewe;cewek
ngantri;mengantri
tamvann;tampan
gils;gila
yap;ya
gantengg;ganteng
si;sih
guaaaaaaa;gua
tuuu;itu
capa;sapa
ngakakkk;mengakak
liaat;lihat
gantweng;ganteng
anjjjjjjjj;anjing
bgttt;banget
lohhhh;loh
gakwad;enggak kuat
seru2;seru-seru
iniii;ini
favoriteeee;favorit
makasih;terima kasih
smp;sampai
nangis;menangis
dinyanyiin;dinyanyikan
seruu;seru
nyengir;menyengir
klk;kelak
brjdh;berjodoh
akhrt;akhirat
kangennnnn;kangen
kngen;kangen
kngenn;kangen
kangeenn;kangen
kanggen;kangen
kangennnnnnn;kangen
ysh;ya
sypa;siapa
kmi;kami
orang2;orang-orang
nangisss;menangis
brjodoh;berjodoh
barengg;bareng
kpnpun;kapanpun
jugaa;juga
mendj;menjadi
aminnn;amin
allahhhh;allah
merindinggg;merinding
bhgia;bahagia
amiennnn;amien
iihh;ih
kpan;kapan
udeh;sudah
menjdi;menjadi
debay;adek bayi
bangeer;banget
lafazd;lafaz
pmbyran;pembayaran
plsa;pulsa
"dimana""";dimana-mana
sokk;sok
ngambekan;ambekan
hub;hubungan
sma2;sama-sama
toloollll;tolol
siapaa;siapa
bodhooo;bodoh
peliharaaaa;pelihara
makanyaa;makanya
ngom;mengomong
"ati""";hati-hati
kemakan;termakan
bodhoo;bodoh
siihhh;sih
pura2;pura-pura
andaaa;anda
padahall;padahal
buktinyaaa;buktinya
smuaaa;semua
ngambeknya;mengambeknya
loksyut;lokasi syuting
lama2;lama-lama
ohh;oh
kerjaan;pekerjaan
"artis""";artis-artis
tapii;tapi
kasiian;kasihan
adaa;ada
comen;komen
ngtif;negatif
comntr;komentar
kaliannn;kalian
brdiri;berdiri
blg;bilang
nyari;mencari
sgt;sangat
deket;dekat
mulutny;mulutnya
msalah;masalah
trserh;terserah
waduuuuh;waduh
ngedukung;mendukung
yach;ya
dihpus;dihapus
bwt;buat
mrekaa;mereka
tauu;tau
gaje;enggak jelas
cakeeeeppp;cakep
benerr;benar
"brg""";bareng-bareng
baanget;banget
anjaaaayyyyyy;anjay
ingt;ingat
lgu;lagu
ngetsz;banget
utkmu;untukmu
anj;anjing
merekaa;mereka
dieee;dia
yaahh;ya
hijap;hijab
ternodain;ternodai
x;kali
wadaaw;waduh
komen2;komen-komen
kt2;kata-kata
agk;agak
skli;sekali
tlg;tolong
jilbabny;jilbabnya
slhkan;salahkan
perilakuny;perilakunya
ketaatanny;ketaatannya
kepda;kepada
sblmny;sebelumnya
bljr;belajar
pedulilaaaah;pedulilah
ingetin;mengingatkan
terjrumus;terjerumus
sebenernya;sebenarnya
sbb;sebab
igtlah;ingatlah
dtgkan;datangkan
berhijap;berhijab
benahin;membenahi
ngerti;mengerti
ohhhh;oh
yapp;ya
jauhh;jauh
buka2an;buka-bukaan
dy;dia
ato;atau
ngembali;kembali
stiap;setiap
sp;sapa
bilng;bilang
kerennn;keren
mw;mau
lekong;laki
kacauuuu;kacau
ngimpi;mimpi
owh;oh
ngerampas;merampas
elu;lu
ngehancurin;menghancurkan
ngungkit2;mengungkit-ungkit
mlu;malu
slah;salah
mba;mbak
nyadar;menyadar
kaleee;kali
dmn;dimana
qm;kamu
mksd;maksud
bingit;banget
caranga;caranya
usa;usah
dipikirin;dipikirkan
nunduk;menunduk
tembemmm;tembem
lucuuuuuuuuuu;lucu
bundaaa;bunda
nyubitt;mencubit
hay;hai
jls2;jelas-jelas
supeer;super
sekrang;sekarang
"bener""";benar-benar
inginkn;inginkan
brsma;bersama
ninggalin;meninggalkan
ampe;sampai
inni;ini
appa;apa
hayooo;hayo
adyem;adem
kluar;keluar
mitnah;memfitnah
cantiknyaaaaa;cantiknya
nie;nih
tmbm;tembam
cantix;cantik
z;saja
seger;segar
kriput;keriput
jelex;jelek
ngurus;mengurus
drmn;darimana
"laku""";laku-laku
"orang""nya";orang-orangnya
kacian;kasihan
ngak;enggak
diladenin;diladeni
cape;capek
mancing2;memancing-mancing
diem;diam
gituin;begitukan
lupain;melupakan
eeeeh;eh
"bner""";benar-benar
ajja;saja
kpancing;terpancing
lakuin;melakukan
cri;cari
sbenernya;sebenarnya
bkin;bikin
ksih;kasih
cma;cuma
cantiiik;cantik
mikirinnn;memikirkan
syang;sayang
mf;maaf
w;gue
"diam""";diam-diam
bw;bawa
akn;akan
mengalahkn;mengalahkan
nyindirin;menyindir
nee;ini
ndak;indak
temen2;teman-teman
klakuan;kelakuan
merka;mereka
atw;atau
laen;lain
mksdx;maksudnya
shabat;sahabat
jk;jika
brbuat;berbuat
kl;kalau
nm;nama
sbhabat;sahabat
pnjerumus;penjerumus
bedain;membedakan
tman;teman
shbat;sahabat
melakukn;melakukan
mksud;maksud
sya;saya
percya;percaya
seorg;seorang
berkluarga;berkeluarga
ketipu;tertipu
"laki""";laki-laki
mengait2kan;mengait-ngaitkan
taik;tahi
nyir2;nyinyir
gosipin;menggosipkan
trbukti;terbukti
nie;ini
mudah2an;mudah-mudahan
sendri;sendiri
bntar;bentar
cepet;cepat
kebongkar;terbongkar
duuuhhh;duh
cwe;cewek
nmbk;menembak
cwo;cowok
dengerin;dengarkan
gakkk;enggak
nyanyiin;menyanyikan
tuch;tuh
ampunnnnn;ampun
gokil;gila
abiiiiisssss;habis
tikung2;tikung-tikung
cwok;cowok
bangedd;banget
wuastagah;astaga
bedaaa;beda
jaoooh;jauh
mateeeeeeeeeeee;mati
parsis;persis
sumpeh;sumpah
byk;banyak
iyh;iya
kmana;kemana
elo;lo
skali;sekali
ibuk2;ibu-ibu
cantiqs;cantik
bangetttttttt;banget
kecik;kecil
smpai;sampai
brasa;berasa
benar2;benar-benar
trlihat;terlihat
bhw;bahwa
mmberikan;memberikan
khidupan;kehidupan
srpti;seperti
dinamakn;dinamakan
ja;saja
pdahal;padahal
mlu;melulu
sgtu;sebegitu
paati;pasti
th;tahu
kutuu;kutu
setelur2nya;setelur-telurnya
ni;ini
dech;deh
liatnya;lihatnya
khadiran;kehadiran
srta;serta
tmbah;tambah
kcil;kecil
cntik;cantik
mmberi;memberi
kberkahn;keberkahan
kbahagiaan;kebahagiaan
tntram;tentram
brsama;bersama
kel;keluarga
hngga;hingga
brpndapat;berpendapat
mnilai;menilai
hiraukn;hiraukan
diamkn;diamkan
sj;saja
hrsny;harusny
brsyukur;bersyukur
in;ini
mmberikn;memberikan
rasakn;rasakan
cari2;cari-cari
kesalahanny;kesalahannya
kekuranganny;kekurangannya
seandainy;seandainya
it;itu
trutama;terutama
tiba2;tiba-tiba
matany;matanya
perasaanny;perasaannya
milih;memilih
mmg;memang
dede;adek
diindonesis;diindonesia
liyatnya;lihatnya
kayahhh;kaya
beneran;benaran
tai;tahi
ala2;ala-ala
indo;indonesia
yook;yuk
yoookkkk;yuk
siihh;sih
elus2;elus-elus
asliiiii;asli
nonton;menonton
aduuhhhh;aduh
baper;bawa perasaan
yha;ya
ampuuun;ampun
belom;belum
diajarin;diajari
ngehina;menghina
rmh;rumah
padahl;padahal
tpi;tapi
udahlah;sudahlah
dikatain;dikatai
btul;betul
mrk;mereka
sekolahin;sekolahkan
astagaaaa;astaga
"kecil""";kecil-kecil
da;dah
"keren""";keren-keren
ngomongnya;mengomongnya
kejahatn;kejahatan
bhwa;bahwa
slam;salam
ngelewati;melewati
yaaaa;ya
kalu;kalau
ngerendahin;merendahkan
nyalahin;menyalahkan
apaalahh;apalah
tnp;tanpa
menyebut2;menyebut-nyebut
hny;hanya
slh;salah
nyangka;menyangka
kmrn;kemarin
na;nya
mnt;minta
sprti;seperti
kiya;kita
sampe;sampai
miriiiiip;mirip
dirimuuu;dirimu
cantiik;cantik
amiiiiinnn;amin
diginiin;dibeginikan
yoiiu;yoi
semuanyaaaa;semuanya
cpt;cepat
nyusul;menyusul
artis2;artis-artis
suka.a;sukanya
jdii;jadi
ikut2an;ikut-ikutan
ni;nih
blnja;belanja
fto;foto
brangnya;barangnya
"sama""";sama-sama
bgs;bagus
hdp;hidup
lw;kalau
ada2;ada-ada
nimpuk;menimpuk
rekomendasiin;merekomendasikan
abiss;habis
temennya;temannya
coyyy;coy
suaranyaa;suaranya
denger;dengar
baik2;baik-baik
jalanin;menjalani
jnagn;jangan
tar;entar
gara2;gara-gara
kcwa;kecewa
jaman2;jaman-jaman
dket2in;dekat-dekati
cobak;coba
britanya;beritanya
ehhh;eh
ilang;hilang
tau2;tau-tau
mahh;mah
ngatain;mengatai
sii;sih
sbg;sebagai
jamam;jaman
gini;begini
dengerin;mendengarkan
ngebela;membela
siapa2;siapa-siapa
kog;kok
paraa;para
seharusny;seharusnya
berfikir;berpikir
dasaar;dasar
ngk;enggak
bergunaa;berguna
mulutnyaaa;mulutnya
tmen;teman
ko;kok
nusuk;menusuk
s;si
kcewa;kecewa
lucuk;lucu
mnusuk;menusuk
blkang;belakang
lgsg;langsung
syp;siapa
muna;munafik
sukak;suka
gr2;gara-gara
blkng;belakang
trmanis;termanis
krng;kurang
nembak;menembak
kaciiaann;kasihan
sok2an;sok-sokan
nyela;mencela
sndiri;sendiri
keles;kali
temen;teman
belain;membela
ngomong;mengomong
ngejilat;menjilat
yaah;ya
inget;ingat
ny;nya
deketin;dekati
baget;banget
hy;hai
hallooo;halo
tayik;tahi
halooo;halo
ustzah;ustazah
halow;halo
mn;mana
poooolllll;pol
cantik2;cantik-cantik
tahannn;tahan
cuantik;cantik
bgni;begini
aduhh;aduh
bangetttt;banget
jt;juta
prlu;perlu
aduuh;aduh
nyimpen;menyimpan
ngarsipin;mengarsipkan
cman;cuman
nyaranin;menyarankan
pingin;pengin
parahh;parah
gituuuuu;begitu
kyy;kaya
kgn;kangen
bgtttt;banget
kngn;kangen
kq;kok
nyesek;menyesak
kangeen;kangen
rinduuuuuuu;rindu
kangennnn;kangen
kangenn;kangen
b2;berdua
bgini;begini
kangeeeennn;kangen
mg;moga
bsok;besok
bgus;bagus
aamiiiiinnn;amin
gemezzzz;gemas
mang;memang
ber2;berdua
kangennnnnn;kangen
kangennn;kangen
prh;parah
bakattt;bakat
pinter;pintar
bet;banget
napsuu;napsu
gemesin;menggemaskan
gmau;enggak mau
luccu;lucu
ehh;eh
ngeselin;mengesalkan
prasaan;perasaan
gmna;bagaimana
lahirr;lahir
karna;karena
kyknya;kayaknya
jelekin;menjelekkan
ngingetin;mengingatkan
setujuuuu;setuju
sering2;sering-sering
tuk;untuk
mantappp;mantap
bnr;benar
ceemen;cemen
nyindir;menyindir
bc;baca
"sembunyi""""";sembunyi-sembunyi
dn;dan
skrnh;sekarang
cerdiik;cerdik
jeniuss;jenius
sipp;sip
kurangin;kurangi
mkin;makin
kreen;keren
s'lalu;selalu
met;selamat
bingitt;banget
mauuuuuu;mau
blh;boleh
mintk;minta
nyolong;mencolong
sllu;selalu
pnjng;panjang
slaluuuuu;selalu
kanggggg;kang
rezeqinya;rezekinya
pintr;pintar
ank;anak
dekk;dek
maw;mau
ngakak;mengakak
njirr;anjir
kura2;kura-kura
edaaann;edan
nempel;menempel
bangettttt;banget
hatiiii;hati
sukkaa;suka
sukaaa;suka
luuuucuuu;lucu
caantiiik;cantik
dapetin;mendapatkan
prodak;produk
trims;terima kasih
luucuuu;lucu
ngambek;mengambek
lucuuu;lucu
putihh;putih
"terus""an";terus-terusan
sihh;sih
ntar;entar
lohh;loh
gemez;gemas
lutuna;lucunya
siiih;sih
yuu;yuk
ternyataa;ternyata
rekomendasiin;rekomendasikan
pollll;pol
sekaliiii;sekali
peduliin;mempedulikan
komntr;komentar
aj;saja
mcm;macam
hrus;harus
smngat;semangat
pahalax;pahalanya
sy;saya
akhirt;akhirat
lgsung;langsung
qt;kita
tinggalkn;tinggalkan
rumh;rumah
tnpa;tanpa
mk;maka
dosax;dosanya
trhtung;terhitung
cantikkkkk;cantik
tteh;teteh
naaaa;nya
ademmm;adem
lanjutin;lanjutkan
akuu;aku
sukaa;suka
samaa;sama
kaka;kakak
cerdass;cerdas
lagii;lagi
hijabb;hijab
tambahh;tambah
polll;pol
cantiknyaa;cantiknya
cantikk;cantik
didengerin;didengarkan
mantapppppp;mantap
ngerespon;merespons
diemin;diamkan
ahh;ah
dulurrr;dulur
tetehh;teteh
brusaha;berusaha
pahamin;memahami
lebh;lebih
krna;karena
alloh;allah
aminn;amin
amin2;amin-amin
positippp;positif
hrs;harus
smg;semoga
qta;kita
utk;untuk
jauuhhh;jauh
semangatt;semangat
brhjb;berhijab
mdh2n;mudah-mudahan
bsa;bisa
slmnya;salamnya
k';kak
jlbb;jilbab
dempga;semoga
selmnya;selamanya
pke;pakai
tth;teteh
otot2;otot-otot
lengkeeett;lengket
caaannnttiikkk;cantik
wahh;wah
kemaren;kemarin
kaaa;kak
sukaaaa;suka
tmbh;tambah
trusss;terus
ademm;adem
apalagiii;apalagi
passs;pas
beginii;begini
satuu;satu
cuantek;cantik
akuuuur;akur
kerennnn;keren
iniehh;ini
dehhh;deh
sayangx;sayangnya
jodohx;jodohnya
bgmn;bagaimana
kaliaan;kalian
sm2;sama-sama
haslnya;hasilnya
stlh;setelah
skrng;sekarang
ak;aku
kencng;kencang
trus;terus
bundaa;bunda
klu;kalau
bgitu;begitu
msh;masih
jng;jangan
kluarga;keluarga
pmbantu;pembantu
gg;enggak
nahan;menahan
emng;memang
kmbl;kembali
ad;ada
kmbali;kembali
kpd;kepada
amiiiin;amin
cuchook;cocok
kloop;klop
sempurnaa;sempurna
sneng;senang
klrga;keluarga
klihatan;kelihatan
cintax;cintanya
bgtu;begitu
pnuh;penuh
ngrti;mengerti
ap;apa
artix;artinya
trlalu;terlalu
untk;untuk
"mudah""an";mudah-mudahan
"segala""ny";segala-galanya
mantanny;mantannya
pst;pasti
jodohny;jodohnya
anak2nya;anak-anaknya
amiiin;amin
cocokkk;cocok
cantk;cantik
ituuu;itu
nyesel;menyesal
seneng;senang
ngeliat;melihat
knpa;kenapa
kaasian;kasihan
smua;semua
laki2;laki-laki
padhl;padahal
"ank""";anak-anak
pkrin;pikirkan
kn;kan
anakx;anaknya
jagain;menjaga
jngan;jangan
sia2kan;sia-siakan
klian;kalian
mauu;mau
wowww;wow
naaahhh;nah
beluumm;belum
sayangggq;sayangku
bsk;besok
kreean;keren
banger;banget
ciiieee;cie
cieee;cie
cieeee;cie
berenanh;berenang
yukk;yuk
pacarr;pacar
kuu;ku
pen;pengin
bingitss;banget
besokkk;besok
anjirrrr;anjir
pcrn;pacaran
annnnjjjjjjrrrr;anjir
brp;berapa
dehh;deh
ngeliatin;melihati
trmasuk;termasuk
anak2;anak-anak
trll;terlalu
ngumbar2;mengumbar-umbar
brdua;berdua
romantiss;romantis
ciee;cie
cocook;cocok
lucuuuuuuuu;lucu
yank;sayang
lucuuuuu;lucu
kaaaaaann;kan
nyaaaaaaa;nya
lgs;langsung
yaang;yang
lagiiii;lagi
bangedt;banget
njir;anjir
gde;gede
gn;begini
lutunaaa;lucunya
bikinnn;bikin
keee;ke
bungkuuussss;bungkus
pnya;punya
kyk;kayak
lucux;lucunya
bntr;bentar
c;sih
gemesss;gemas
buanyaaak;banyak
aaamiiinnn;amin
aaamiiin;amin
ntap;mantap
abgnyaah;abangnya
abg;abang
mungkiin;mungkin
akuhh;aku
amiin;amin
pastii;pasti
foto2;foto-foto
yukkk;yuk
ngelihat;melihat
manteb;mantap
hiduupppp;hidup
lucu2;lucu-lucu
yak;ya
orng;orang
nganggepin;menanggapi
ttp;tetap
najiss;najis
jgan;jangan
perjabatt;pejabat
baikk;baik
org2;orang-orang
knp;kenapa
makany;makanya
jngn;jangan
semngat;semangat
benneeeeeerr;benar
pede;percaya diri
males;malas
krjaan;pekerjaan
bkan;bukan
kdang;kadang
knan;kanan
kdng;kadang
tdk;tidak
ginii;begini
ngaca;mengaca
ngerasa;merasa
ngeri2;ngeri-ngeri
"mentang""";mentang-mentang
anak'y;anaknya
trknal;terkenal
"gtu""";begitu-gitu
klok;kalo
aamiiiinnnnn;amin
nnti;nanti
kek;kayak
gtu;begitu
brpa;berapa
kmren;kemarin
ksh;kasih
kannn;kan
pengennnn;pengin
kann;kan
iyaa;iya
kerenn;keren
sama2;sama-sama
guw;gue
ccok;cocok
ihh;ih
sbnrny;sebenarnya
jugaaa;juga
iyaaa;iya
gituh;begitu
bngett;banget
g;enggak
stuju;setuju
dpt;dapat
siiiiiiippppppppp;sip
selaloe;selalu
mauuuu;mau
donggg;dong
beruntungnyaaaa;beruntungnya
inii;ini
bngtttt;banget
soal'y;soalnya
smga;semoga
trs;terus
y;ya
prhatian;perhatian
pulak;pula
hebaat;hebat
lahh;lah
inih;ini
ampunn;ampun
gueeeee;gue
ngiri;mengiri
liatt;lihat
gehh;gih
ankknyaaa;anaknya
udah;sudah
syg;sayang
centilnyaaaaaa;centilnya
gemesshzzzzhzzhzhzhsjssjs;gemas
bgtt;banget
ngacaaa;mengaca
diaaa;dia
gemes;gemas
pngn;pengin
ktmu;ketemu
jirr;anjir
dahh;dah
kayaa;kaya
cempreeng;cempreng
centillll;centil
pcran;pacaran
ama;sama
jugak;juga
mantep;mantap
anedh;banget
ampyunnnn;ampun
boro2;boro-boro
bkn;bukan
suka2;suka-suka
nyta;nyata
kampungn;kampungan
bru;baru
j;saja
dh;dah
gt;begitu
mna;mana
pkai;pakai
klw;kalau
mnghina;menghina
dri;dari
ngolokin;mengolok
ngurusin;mengurus
blum;belum
"syirik""";syirik-syirik
bener;benar
bng;bang
ud;sudah
than;tahan
lg;lagi
dsr;dasar
siriik;sirik
ituu;itu
mampuuu;mampu
mo;mau
lbh;lebih
khan;kan
slalu;selalu
km;kamu
dgn;dengan
q;ku
pngen;pengin
aduuhh;aduh
cemburuu;cemburu
bangettt;banget
cucok;cocok
bingitzzzz;banget
ngarep;mengharap
bget;banget
tlog;tolong
jga;juga
apasihhh;apasih
sirikk;sirik
smpe;sampai
kalii;kali
kaliann;kalian
dbnding;dibanding
nrka;neraka
pda;pada
s3ndiri;sendiri
jgn;jangan
dngerin;mendengarkan
pnting;penting
smangat;semangat
bnyk;banyak
bhgiain;membahagiakan
kdua;kedua
gk;enggak
pd;pada
mreka;mereka
hnya;hanya
d;di
sm;sama
pdhal;padahal
prcya;percaya
bkln;bakalan
bhagaia;bahagia
lhir;lahir
cuco;cocok
bngt;banget
usahh;usah
genittt;genit
yahh;ya
kx;kak
mlikk;milik
kasian;kasihan
"mentah""";mentah-mentah
kata2;kata-kata
blm;belum
ngurusin;mengurusi
idup;hidup
aja;saja
engga;enggak
aneed;banget
gimanaa;bagaimana
cantikkk;cantik
gimna;bagaimana
jdi;jadi
gitu;begitu
ngikutin;mengikuti
yah;ya
lainnn;lain
pentingg;penting
kenalin;memperkenalkan
make;memakai
bgd;banget
bagaimanaaa;bagaimana
krudung;kerudung
gimana;bagaimana
bangeet;banget
cans;cantik
bgt;banget
canci;cantik
bangett;banget
enakkkkk;enak
poool;pol
woow;wow
jirrrr;anjir
gni;begini
bat;banget
liat;lihat
oprasiya;operasinya
gak;enggak
mksh;terima kasih
uwee;gue
mh;mah
dak;indak
pilihannny;pilihannya
itumahh;itumah
muuuu;mu
yuuk;yuk
uuhhh;uh
doank;doang
ma;sama
bnyak;banyak
berbakiti;berbakti
tehh;teh
alhamd;alhamdulillah
tebel;tebal
yaaa;ya
jd;jadi
ortu;orang tua
amiien;amien
udh;sudah
makasi;terima kasih
slmttt;selamat
ucapin;mengucapkan
krn;karena
hbs;habis
tetp;tetap
yaa;ya
ditengah2;ditengah-tengah
semuanyaa;semuanya
mbk;mbak
idung;hidung
kya;kaya
smoga;semoga
semuannyaaa;semuanya
aminn2;amin-amin
aamiin;amin
kpn;kapan
ngareppppp;mengharap
tp;tapi
bnr2;benar-benar
kebnyak'an;kebanyakan
abs;habis
melahirin;melahirkan
hbis;habis
ngeluarin;mengeluarkan
sma;sama
kmu;kamu
dlu;dulu
ngga;enggak
hdup;hidup
kaa;kak
pengen;pengin
mantapp;mantap
sempet;sempat
aduuuh;aduh
cakeep;cakep
lucuu;lucu
ajaa;saja
tetep;tetap
cantiiikk;cantik
nyaaaa;nya
tu;itu
lhooo;loh
gituuu;begitu
emg;memang
kamuuuu;kamu
cm;cuma
bagi2;bagi-bagi
mb;mbak
rempong;repot
dg;dengan
waah;wah
sdh;sudah
skrg;sekarang
klo;kalo
psti;pasti
kerass;keras
gimn;bagaimana
kasi;kasih
bs;bisa
kren;keren
neh;nih
smogaaa;semoga
biza;bisa
sperti;seperti
kk;kakak
aamien;amien
lngsing;langsing
org;orang
yg;yang
ngmg;mengomong
ga;enggak
pake;pakai
emang;memang
jg;juga
ttep;tetap
wowoooww;wow
trun;turun
ky;kaya
k;kak
dr;dari
smnjak;semenjak
blom;belum
k;ke
smulla;semula
pdhall;padahal
blln;bulan
masi;masih
gile;gila
gw;gue
kl;kalo
sich;sih
pgn;pengin
senang2;senang-senang
jh;saja
seh;sih
nggak;enggak
kereeennnn;keren
donk;dong
bln;bulan
gmn;bagaimana
gilakkk;gila
gtu2;begitu-gitu
sehh;sih
kakk;kak
ajah;saja
cpet;cepat
bnget;banget
aq;aku
uda;sudah
nyobain;mencoba
dlm;dalam
wktu;waktu
hr;hari
gataunya;enggak taunya
gtau;enggak tau
gatau;enggak tau
fans2;fan-fan
gaharus;enggak harus